{
  "average_scores": {
    "lane_centering": 85.1923076923077,
    "following_distance": 61.28205128205127,
    "signal_compliance": {
      "traffic_light": 148.07692307692307,
      "stop_sign": 0
    },
    "merging_lane_change": 79.23076923076923,
    "pedestrian_yielding": 100,
    "intersection_behavior": 90.76923076923077,
    "road_sign_awareness": {
      "speed_limit_sign": 72.3076923076923,
      "yield_sign": 0
    },
    "shoulder_use": 100
  },
  "total_files_processed": 26
}